".mw-parser-output .navbar{display:inline;font-size:88%;font-weight:normal}.mw-parser-output .navbar-collapse{float:left;text-align:left}.mw-parser-output .navbar-boxtext{word-spacing:0}.mw-parser-output .navbar ul{display:inline-block;white-space:nowrap;line-height:inherit}.mw-parser-output .navbar-brackets::before{margin-right:-0.125em;content:""[ ""}.mw-parser-output .navbar-brackets::after{margin-left:-0.125em;content:"" ]""}.mw-parser-output .navbar li{word-spacing:-0.125em}.mw-parser-output .navbar a>span,.mw-parser-output .navbar a>abbr{text-decoration:inherit}.mw-parser-output .navbar-mini abbr{font-variant:small-caps;border-bottom:none;text-decoration:none;cursor:inherit}.mw-parser-output .navbar-ct-full{font-size:114%;margin:0 7em}.mw-parser-output .navbar-ct-mini{font-size:114%;margin:0 4em}html.skin-theme-clientpref-night .mw-parser-output .navbar li a abbr{color:var(--color-base)!important}@media(prefers-color-scheme:dark){html.skin-theme-clientpref-os .mw-parser-output .navbar li a abbr{color:var(--color-base)!important}}@media print{.mw-parser-output .navbar{display:none!important}} v t e Paradoxes"
Philosophical,Analysis Buridan's bridge Dream argument Epicurean Fiction Fitch's knowability Free will Goodman's Hedonism Liberal Meno's Mere addition Moore's Newcomb's Nihilism Omnipotence Preface Rule-following Sorites Theseus' ship White horse Zeno's
Logical,"Barber Berry Bhartrhari's Burali-Forti Court Crocodile Curry's Epimenides Free choice paradox Grelling–Nelson Kleene–Rosser Liar Card No-no Pinocchio Quine's Yablo's Opposite Day Paradoxes of set theory Richard's Russell's Socratic Hilbert's Hotel Temperature paradox Barbershop Catch-22 Chicken or the egg Drinker Entailment Lottery Plato's beard Raven Ross's Unexpected hanging "" What the Tortoise Said to Achilles "" Heat death paradox Olbers's paradox"
Economic,Allais Antitrust Arrow information Bertrand Braess' Competition Income and fertility Downs–Thomson Easterlin Edgeworth Ellsberg European Gibson's Giffen good Icarus Jevons Leontief Lerner Lucas Mandeville's Mayfield's Metzler Plenty Productivity Prosperity Scitovsky Service recovery St. Petersburg Thrift Toil Tullock Value
Decision theory,Abilene Apportionment Alabama New states Population Arrow's Buridan's ass Chainstore Condorcet's Decision-making Downs Ellsberg Fenno's Fredkin's Green Hedgehog's Inventor's Kavka's toxin puzzle Morton's fork Navigation Newcomb's Parrondo's Preparedness Prevention Prisoner's dilemma Tolerance Willpower
List Category
"
"
