Oct 2025,Oct 2024,Change,Programming Language,Ratings,Change
1,1,,,Python,24.45%,+2.55%
2,4,,,C,9.29%,+0.91%
3,2,,,C++,8.84%,-2.77%
4,3,,,Java,8.35%,-2.15%
5,5,,,C#,6.94%,+1.32%
6,6,,,JavaScript,3.41%,-0.13%
7,7,,,Visual Basic,3.22%,+0.87%
8,8,,,Go,1.92%,-0.10%
9,10,,,Delphi/Object Pascal,1.86%,+0.19%
10,11,,,SQL,1.77%,+0.13%
11,9,,,Fortran,1.70%,-0.10%
12,29,,,Perl,1.66%,+1.10%
13,17,,,R,1.52%,+0.43%
14,15,,,PHP,1.38%,+0.17%
15,16,,,Assembly language,1.20%,+0.07%
16,13,,,Rust,1.19%,-0.25%
17,12,,,MATLAB,1.16%,-0.32%
18,14,,,Scratch,1.15%,-0.26%
19,24,,,Ada,0.98%,+0.25%
20,21,,,Kotlin,0.98%,+0.01%
"
"
Position,Programming Language,Ratings
21,Classic Visual Basic,0.97%
22,Swift,0.94%
23,COBOL,0.86%
24,Prolog,0.80%
25,Ruby,0.77%
26,SAS,0.65%
27,Dart,0.62%
28,Lisp,0.55%
29,(Visual) FoxPro,0.47%
30,Julia,0.46%
31,Objective-C,0.46%
32,Haskell,0.45%
33,Lua,0.38%
34,Scala,0.36%
35,TypeScript,0.31%
36,PL/SQL,0.26%
37,VBScript,0.24%
38,GAMS,0.24%
39,ABAP,0.23%
40,Solidity,0.20%
41,Elixir,0.19%
42,V,0.17%
43,Zig,0.17%
44,Bash,0.16%
45,ML,0.16%
46,Transact-SQL,0.15%
47,PowerShell,0.15%
48,Erlang,0.15%
49,RPG,0.14%
50,Ladder Logic,0.14%
"
"
Programming Language,2025,2020,2015,2010,2005,2000,1995,1990,1985
Python,1,3,6,7,7,24,16,-,-
C++,2,4,3,3,3,2,1,2,10
C,3,1,2,2,1,1,2,1,1
Java,4,2,1,1,2,3,32,-,-
C#,5,5,4,6,8,10,-,-,-
JavaScript,6,7,8,9,11,8,-,-,-
Go,7,13,61,172,-,-,-,-,-
Visual Basic,8,10,11,-,-,-,-,-,-
Delphi/Object Pascal,9,188,12,10,9,-,-,-,-
SQL,10,9,-,-,-,-,-,-,-
Ada,17,35,30,24,18,20,5,8,3
Lisp,26,31,28,16,14,9,6,7,2
(Visual) Basic,-,-,-,5,6,4,3,3,4
"
"
2024,Python
2023,C#
2022,C++
2021,Python
2020,Python
2019,C
2018,Python
2017,C
2016,Go
2015,Java
2014,JavaScript
2013,Transact-SQL
2012,Objective-C
2011,Objective-C
2010,Python
2009,Go
2008,C
2007,Python
2006,Ruby
2005,Java
2004,PHP
2003,C++
"
"
