Table_Number,Programming language lists,vteProgramming languages,vteProgramming languages.1
1,Alphabetical Categorical Chronological Generational,,
1,vte,,
2,,Comparison Timeline History,Comparison Timeline History
2,,Ada ALGOL Simula APL Assembly BASIC Visual Basic classic .NET C C++ C# COBOL Erlang Elixir Forth Fortran Go Haskell Java JavaScript Julia Kotlin Lisp Lua MATLAB ML Caml OCaml Pascal Object Pascal Perl Raku PHP Prolog Python R Ruby Rust SAS SQL Scratch Shell Smalltalk Swift more...,Ada ALGOL Simula APL Assembly BASIC Visual Basic classic .NET C C++ C# COBOL Erlang Elixir Forth Fortran Go Haskell Java JavaScript Julia Kotlin Lisp Lua MATLAB ML Caml OCaml Pascal Object Pascal Perl Raku PHP Prolog Python R Ruby Rust SAS SQL Scratch Shell Smalltalk Swift more...
2,,Lists: Alphabetical Categorical Generational Non-English-based  Category,Lists: Alphabetical Categorical Generational Non-English-based  Category
