0,1
Diseases of affluence Affluenza Acquired situational narcissism Argumentum ad crumenam Prosperity theology,Diseases of affluence Affluenza Acquired situational narcissism Argumentum ad crumenam Prosperity theology
Philanthropy,Gospel of Wealth The Giving Pledge Philanthrocapitalism Venture philanthropy
Sayings,The rich get richer and the poor get poorer Socialism for the rich and capitalism for the poor Too big to fail
Media,Das Kapital Plutus Greek god of wealth Superclass List The Theory of the Leisure Class Wealth The Wealth of Nations
