vteHigh wealth,vteHigh wealth.1
Concepts,Capital accumulation Overaccumulation Economic inequality Wealth distribution Income distribution Consumption distribution History of economic inequality International inequality Elite Oligarchy Overclass Plutocracy Plutonomy Broligarchy Primitive accumulation of capital Upper class Nouveau riche (new money) Vieux riche (old money) Luxury goods Veblen goods Conspicuous consumption Conspicuous leisure Luxury beliefs People Billionaire Captain of industry High-net-worth individual Magnate Business Millionaire Oligarch Business Russian Ukrainian Robber baron Wealth Concentration Distribution Effect Geography Inheritance Dynastic Estate planning Management National Paper Religion Tax
Capital accumulation Overaccumulation Economic inequality Wealth distribution Income distribution Consumption distribution History of economic inequality International inequality Elite Oligarchy Overclass Plutocracy Plutonomy Broligarchy Primitive accumulation of capital Upper class Nouveau riche (new money) Vieux riche (old money) Luxury goods Veblen goods Conspicuous consumption Conspicuous leisure Luxury beliefs,Capital accumulation Overaccumulation Economic inequality Wealth distribution Income distribution Consumption distribution History of economic inequality International inequality Elite Oligarchy Overclass Plutocracy Plutonomy Broligarchy Primitive accumulation of capital Upper class Nouveau riche (new money) Vieux riche (old money) Luxury goods Veblen goods Conspicuous consumption Conspicuous leisure Luxury beliefs
People,Billionaire Captain of industry High-net-worth individual Magnate Business Millionaire Oligarch Business Russian Ukrainian Robber baron
Wealth,Concentration Distribution Effect Geography Inheritance Dynastic Estate planning Management National Paper Religion Tax
Lists,People Forbes list of billionaires List of centibillionaires Female billionaires Richest royals Wealthiest Americans Wealthiest families Organizations Largest companies by revenue Largest corporate profits and losses Largest corporations by market capitalization Largest financial services companies by revenue Largest manufacturing companies by revenue Largest software companies by revenue Largest technology companies by revenue Religious organizations Charities Philanthropists Universities Endowment size Number of billionaire alumni Other Cities by number of billionaires Countries by number of billionaires Countries by total wealth Countries by wealth inequality Wealth inequality in the United States Income inequality in the United States Most expensive items by category Wealthiest animals
People,Forbes list of billionaires List of centibillionaires Female billionaires Richest royals Wealthiest Americans Wealthiest families
Organizations,Largest companies by revenue Largest corporate profits and losses Largest corporations by market capitalization Largest financial services companies by revenue Largest manufacturing companies by revenue Largest software companies by revenue Largest technology companies by revenue Religious organizations Charities Philanthropists Universities Endowment size Number of billionaire alumni
Other,Cities by number of billionaires Countries by number of billionaires Countries by total wealth Countries by wealth inequality Wealth inequality in the United States Income inequality in the United States Most expensive items by category Wealthiest animals
Related,Diseases of affluence Affluenza Acquired situational narcissism Argumentum ad crumenam Prosperity theology Philanthropy Gospel of Wealth The Giving Pledge Philanthrocapitalism Venture philanthropy Sayings The rich get richer and the poor get poorer Socialism for the rich and capitalism for the poor Too big to fail Media Das Kapital Plutus Greek god of wealth Superclass List The Theory of the Leisure Class Wealth The Wealth of Nations
Diseases of affluence Affluenza Acquired situational narcissism Argumentum ad crumenam Prosperity theology,Diseases of affluence Affluenza Acquired situational narcissism Argumentum ad crumenam Prosperity theology
Philanthropy,Gospel of Wealth The Giving Pledge Philanthrocapitalism Venture philanthropy
Sayings,The rich get richer and the poor get poorer Socialism for the rich and capitalism for the poor Too big to fail
Media,Das Kapital Plutus Greek god of wealth Superclass List The Theory of the Leisure Class Wealth The Wealth of Nations
Category by country,Category by country
