Comparison ofprogramming languages
General comparison Assignment Basic syntax Basic instructions Comments Control flow Foreach loops While loops For loops Do-while Exception handling Enumerated types Algebraic data types Generators Anonymous functions Conditional expressions Arrays Associative arrays Scope String operations String functions Higher-order functions Filter Fold Map Type systems Dependent types List comprehension Object-oriented programming Object-oriented constructors Operators Ternary conditional operator Null coalescing operators Safe navigation operators Modulo operators
"Evaluation strategy List of ""Hello World"" programs"
Comparison of individuallanguages ALGOL 58's influence on ALGOL 60 ALGOL 60: Comparisons with other languages ALGOL 68: Comparisons with other languages Compatibility of C and C++ Comparison of Pascal and Borland Delphi Comparison of Object Pascal and C Comparison of Pascal and C Comparison of Java and C++ Comparison of C# and Java Comparison of C# and Visual Basic .NET Comparison of Visual Basic and Visual Basic .NET
".mw-parser-output .navbar{display:inline;font-size:88%;font-weight:normal}.mw-parser-output .navbar-collapse{float:left;text-align:left}.mw-parser-output .navbar-boxtext{word-spacing:0}.mw-parser-output .navbar ul{display:inline-block;white-space:nowrap;line-height:inherit}.mw-parser-output .navbar-brackets::before{margin-right:-0.125em;content:""[ ""}.mw-parser-output .navbar-brackets::after{margin-left:-0.125em;content:"" ]""}.mw-parser-output .navbar li{word-spacing:-0.125em}.mw-parser-output .navbar a>span,.mw-parser-output .navbar a>abbr{text-decoration:inherit}.mw-parser-output .navbar-mini abbr{font-variant:small-caps;border-bottom:none;text-decoration:none;cursor:inherit}.mw-parser-output .navbar-ct-full{font-size:114%;margin:0 7em}.mw-parser-output .navbar-ct-mini{font-size:114%;margin:0 4em}html.skin-theme-clientpref-night .mw-parser-output .navbar li a abbr{color:var(--color-base)!important}@media(prefers-color-scheme:dark){html.skin-theme-clientpref-os .mw-parser-output .navbar li a abbr{color:var(--color-base)!important}}@media print{.mw-parser-output .navbar{display:none!important}}vte"
